{
  "template": [
    "Banner0_1",
    "Content0_0",
    "Content5_0",
    "Content3_0",
    "Footer1_0",
    "Footer0_0"
  ],
  "config": {
    "Content0_0": {
      "dataSource": {
        "childWrapper": {
          "className": "content0-block-wrapper l053nnv6fu-editor_css",
          "children": [
            {
              "name": "block0",
              "className": "content0-block",
              "md": 8,
              "xs": 24,
              "children": {
                "className": "content0-block-item",
                "children": [
                  {
                    "name": "image",
                    "className": "content0-block-icon",
                    "children":
                      "https://zos.alipayobjects.com/rmsportal/WBnVOjtIlGWbzyQivuyq.png"
                  },
                  {
                    "name": "title",
                    "className": "content0-block-title",
                    "children": "<span><span><p>常用框架</p></span></span>"
                  },
                  {
                    "name": "content",
                    "children": "支付、结算、核算接入产品效率翻四倍"
                  }
                ]
              }
            },
            {
              "name": "block1",
              "className": "content0-block",
              "md": 8,
              "xs": 24,
              "children": {
                "className": "content0-block-item",
                "children": [
                  {
                    "name": "image",
                    "className": "content0-block-icon",
                    "children":
                      "https://zos.alipayobjects.com/rmsportal/YPMsLQuCEXtuEkmXTTdk.png"
                  },
                  {
                    "name": "title",
                    "className": "content0-block-title",
                    "children": "<span><p>图表相关</p></span>"
                  },
                  {
                    "name": "content",
                    "children": "在所有需求配置环节事前风险控制和质量控制能力"
                  }
                ]
              }
            },
            {
              "name": "block2",
              "className": "content0-block",
              "md": 8,
              "xs": 24,
              "children": {
                "className": "content0-block-item",
                "children": [
                  {
                    "name": "image",
                    "className": "content0-block-icon",
                    "children":
                      "https://zos.alipayobjects.com/rmsportal/EkXWVvAaFJKCzhMmQYiX.png"
                  },
                  {
                    "name": "title",
                    "className": "content0-block-title",
                    "children": "<span><p>数据相关</p></span>"
                  },
                  {
                    "name": "content",
                    "children": "沉淀产品接入效率和运营小二工作效率数据"
                  }
                ]
              }
            }
          ]
        },
        "titleWrapper": {
          "children": [
            { "name": "title", "children": "<span><p>常用技术栈</p></span>" }
          ]
        }
      }
    },
    "Footer1_0": {
      "dataSource": {
        "block": {
          "children": [
            {
              "name": "block0",
              "xs": 24,
              "md": 6,
              "className": "block",
              "title": {
                "className": "logo",
                "children":
                  "https://zos.alipayobjects.com/rmsportal/qqaimmXZVSwAhpL.svg"
              },
              "childWrapper": {
                "className": "slogan",
                "children": [
                  {
                    "name": "content0",
                    "children":
                      "<span><p>Animation specification and components of Ant Design.</p></span>"
                  }
                ]
              }
            },
            {
              "name": "block1",
              "xs": 24,
              "md": 6,
              "className": "block",
              "title": { "children": "产品" },
              "childWrapper": {
                "children": [
                  { "name": "link0", "href": "#", "children": "产品更新记录" },
                  { "name": "link1", "href": "#", "children": "API文档" },
                  { "name": "link2", "href": "#", "children": "快速入门" },
                  { "name": "link3", "href": "#", "children": "参考指南" }
                ]
              }
            },
            {
              "name": "block2",
              "xs": 24,
              "md": 6,
              "className": "block",
              "title": { "children": "关于" },
              "childWrapper": {
                "children": [
                  { "href": "#", "name": "link0", "children": "FAQ" },
                  { "href": "#", "name": "link1", "children": "联系我们" }
                ]
              }
            },
            {
              "name": "block3",
              "xs": 24,
              "md": 6,
              "className": "block",
              "title": { "children": "资源" },
              "childWrapper": {
                "children": [
                  { "href": "#", "name": "link0", "children": "Ant Design" },
                  { "href": "#", "name": "link1", "children": "Ant Motion" }
                ]
              }
            }
          ]
        },
        "copyright": {
          "children":
            "<span>© CopyRight 2002-2022, WCCODE.COM, Inc.All Rights Reserved.&nbsp;粤ICP备18119052号-2<br></span>"
        }
      }
    },
    "Content3_0": {
      "dataSource": {
        "block": {
          "children": [
            {
              "name": "block0",
              "className": "content3-block",
              "md": 8,
              "xs": 24,
              "children": {
                "icon": {
                  "className": "content3-icon",
                  "children":
                    "https://zos.alipayobjects.com/rmsportal/ScHBSdwpTkAHZkJ.png"
                },
                "textWrapper": { "className": "content3-text" },
                "title": {
                  "className": "content3-title",
                  "children": "<span><p>图表相关</p></span>"
                },
                "content": {
                  "className": "content3-content",
                  "children":
                    "云资源集中编排、弹性伸缩、持续发布和部署，高可用及容灾。"
                }
              }
            },
            {
              "name": "block1",
              "className": "content3-block",
              "md": 8,
              "xs": 24,
              "children": {
                "icon": {
                  "className": "content3-icon",
                  "children":
                    "https://zos.alipayobjects.com/rmsportal/NKBELAOuuKbofDD.png"
                },
                "textWrapper": { "className": "content3-text" },
                "title": {
                  "className": "content3-title",
                  "children": "云安全"
                },
                "content": {
                  "className": "content3-content",
                  "children":
                    "按金融企业安全要求打造的完整云上安全体系，全方位保障金融应用及数据安全。"
                }
              }
            },
            {
              "name": "block2",
              "className": "content3-block",
              "md": 8,
              "xs": 24,
              "children": {
                "icon": {
                  "className": "content3-icon",
                  "children":
                    "https://zos.alipayobjects.com/rmsportal/xMSBjgxBhKfyMWX.png"
                },
                "textWrapper": { "className": "content3-text" },
                "title": {
                  "className": "content3-title",
                  "children": "云监控"
                },
                "content": {
                  "className": "content3-content",
                  "children":
                    "分布式云环境集中监控，统一资源及应用状态视图，智能分析及故障定位。"
                }
              }
            },
            {
              "name": "block3",
              "className": "content3-block",
              "md": 8,
              "xs": 24,
              "children": {
                "icon": {
                  "className": "content3-icon",
                  "children":
                    "https://zos.alipayobjects.com/rmsportal/MNdlBNhmDBLuzqp.png"
                },
                "textWrapper": { "className": "content3-text" },
                "title": { "className": "content3-title", "children": "移动" },
                "content": {
                  "className": "content3-content",
                  "children":
                    "一站式移动金融APP开发及全面监控；丰富可用组件，动态发布和故障热修复。"
                }
              }
            },
            {
              "name": "block4",
              "className": "content3-block",
              "md": 8,
              "xs": 24,
              "children": {
                "icon": {
                  "className": "content3-icon",
                  "children":
                    "https://zos.alipayobjects.com/rmsportal/UsUmoBRyLvkIQeO.png"
                },
                "textWrapper": { "className": "content3-text" },
                "title": {
                  "className": "content3-title",
                  "children": "分布式中间件"
                },
                "content": {
                  "className": "content3-content",
                  "children":
                    "金融级联机交易处理中间件，大规模分布式计算机，数万笔/秒级并发能力，严格保证交易数据统一性。"
                }
              }
            },
            {
              "name": "block5",
              "className": "content3-block",
              "md": 8,
              "xs": 24,
              "children": {
                "icon": {
                  "className": "content3-icon",
                  "children":
                    "https://zos.alipayobjects.com/rmsportal/ipwaQLBLflRfUrg.png"
                },
                "textWrapper": { "className": "content3-text" },
                "title": {
                  "className": "content3-title",
                  "children": "大数据"
                },
                "content": {
                  "className": "content3-content",
                  "children":
                    "一站式、全周期大数据协同工作平台，PB级数据处理、毫秒级数据分析工具。"
                }
              }
            }
          ]
        },
        "titleWrapper": {
          "children": [
            {
              "name": "title",
              "children": "<span><p>提供专业的服务技术</p></span>",
              "className": "title-h1"
            },
            {
              "name": "content",
              "className": "title-content",
              "children": "基于阿里云强大的基础资源"
            }
          ]
        }
      }
    },
    "Banner0_1": {
      "dataSource": {
        "content": {
          "children":
            "<span><span><p><b>2022 一个菜鸡的救赎之路</b></p></span></span>"
        },
        "button": {
          "className": "banner0-button",
          "children": "Learn More",
          "type": "default",
          "href": "https://www.wccode.com/docs/"
        }
      }
    },
    "Content5_0": {
      "dataSource": {
        "titleWrapper": {
          "children": [
            {
              "name": "title",
              "children": "<span><p>分区划分</p></span>",
              "className": "title-h1"
            },
            {
              "name": "content",
              "className": "title-content",
              "children": "在这里用一段话介绍服务的案例情况"
            }
          ]
        },
        "block": {
          "children": [
            {
              "name": "block0",
              "className": "block",
              "md": 6,
              "xs": 24,
              "children": {
                "wrapper": { "className": "content5-block-content" },
                "img": {
                  "children":
                    "https://t.alipayobjects.com/images/rmsweb/T11aVgXc4eXXXXXXXX.svg"
                },
                "content": {
                  "children": "<span><span><p>fish</p></span></span>"
                }
              }
            },
            {
              "name": "block1",
              "className": "block",
              "md": 6,
              "xs": 24,
              "children": {
                "wrapper": { "className": "content5-block-content" },
                "img": {
                  "children":
                    "https://zos.alipayobjects.com/rmsportal/faKjZtrmIbwJvVR.svg"
                },
                "content": { "children": "<span><p>Vue</p></span>" }
              }
            },
            {
              "name": "block2",
              "className": "block",
              "md": 6,
              "xs": 24,
              "children": {
                "wrapper": { "className": "content5-block-content" },
                "img": {
                  "children":
                    "https://t.alipayobjects.com/images/rmsweb/T11aVgXc4eXXXXXXXX.svg"
                },
                "content": { "children": "<span><p>React</p></span>" }
              }
            },
            {
              "name": "block3",
              "className": "block",
              "md": 6,
              "xs": 24,
              "children": {
                "wrapper": { "className": "content5-block-content" },
                "img": {
                  "children":
                    "https://zos.alipayobjects.com/rmsportal/faKjZtrmIbwJvVR.svg"
                },
                "content": { "children": "<span><p>Umi</p></span>" }
              }
            },
            {
              "name": "block4",
              "className": "block",
              "md": 6,
              "xs": 24,
              "children": {
                "wrapper": { "className": "content5-block-content" },
                "img": {
                  "children":
                    "https://t.alipayobjects.com/images/rmsweb/T11aVgXc4eXXXXXXXX.svg"
                },
                "content": {
                  "children": "<span><span><p>Ant Design 相关</p></span></span>"
                }
              }
            },
            {
              "name": "block5",
              "className": "block",
              "md": 6,
              "xs": 24,
              "children": {
                "wrapper": { "className": "content5-block-content" },
                "img": {
                  "children":
                    "https://zos.alipayobjects.com/rmsportal/faKjZtrmIbwJvVR.svg"
                },
                "content": { "children": "<span><p>无</p></span>" }
              }
            },
            {
              "name": "block6",
              "className": "block",
              "md": 6,
              "xs": 24,
              "children": {
                "wrapper": { "className": "content5-block-content" },
                "img": {
                  "children":
                    "https://t.alipayobjects.com/images/rmsweb/T11aVgXc4eXXXXXXXX.svg"
                },
                "content": { "children": "<span><p>无</p></span>" }
              }
            },
            {
              "name": "block7",
              "className": "block",
              "md": 6,
              "xs": 24,
              "children": {
                "wrapper": { "className": "content5-block-content" },
                "img": {
                  "children":
                    "https://zos.alipayobjects.com/rmsportal/faKjZtrmIbwJvVR.svg"
                },
                "content": { "children": "<span><p>无</p></span>" }
              }
            }
          ]
        }
      }
    }
  },
  "style": [
    {
      "cssString":
        "#Content0_0 .home-page > div > .l053nnv6fu-editor_css {\n  cursor: pointer;\n}\n",
      "id": "Contenthomepagedivlnnvfueditorcss",
      "cid": "Content0_0"
    }
  ],
  "other": {}
}
